,customerID,Actual,Predicted,Predicted_Prob,Risk_Level
0,1024-GUALD,1,1,0.846499724535701,High
1,0484-JPBRU,0,0,0.03757735724305669,Low
2,3620-EHIMZ,0,0,0.006331876023056201,Low
3,6910-HADCM,1,1,0.5863820142240769,Medium
4,8587-XYZSF,0,0,0.0020717344797306658,Low
5,6818-WOBHJ,1,0,0.1392837026722228,Low
6,3082-YVEKW,0,0,0.04965624311079833,Low
7,4737-AQCPU,0,0,0.0051557938811226545,Low
8,4853-RULSV,1,0,0.17818423791177931,Low
9,5766-ZJYBB,1,0,0.4158307195647582,Medium
10,2668-TZSPS,0,0,0.3603678728015031,Low
11,3192-LNKRK,0,1,0.5886998250031774,Medium
12,5315-CKEQK,0,0,0.30545740443176855,Low
13,5914-DVBWJ,1,1,0.5625382657531212,Medium
14,7998-ZLXWN,0,0,0.14727160962907584,Low
15,6328-ZPBGN,1,1,0.5321509220700866,Medium
16,9530-EHPOH,1,1,0.5713167304914758,Medium
17,1853-UDXBW,1,1,0.8617428556734922,High
18,2672-TGEFF,0,1,0.6685127666378651,Medium
19,1902-XBTFB,1,1,0.7040749879760172,High
20,1640-PLFMP,0,1,0.783222922476601,High
21,3679-XASPY,0,0,0.4773355481571801,Medium
22,7356-IWLFW,0,0,0.25025733135718226,Low
23,9036-CSKBW,0,0,0.18398217724178803,Low
24,8952-WCVCD,0,0,0.22274027434676177,Low
25,2100-BDNSN,1,0,0.32148877620280936,Low
26,2869-ADAWR,1,0,0.3990285253898469,Low
27,5832-EXGTT,0,0,0.25252541618714147,Low
28,9402-ORRAH,0,1,0.6457335980664027,Medium
29,4967-WPNCF,0,0,0.013672816845387513,Low
30,8033-VCZGH,0,1,0.6704053844850673,Medium
31,9392-XBGTD,0,0,0.03401978764146191,Low
32,0078-XZMHT,0,0,0.033341009738137216,Low
33,0743-HNPFG,0,0,0.043782462033467105,Low
34,5334-JLAXU,0,0,0.29453303908612705,Low
35,5696-EXCYS,0,0,0.09221478611162967,Low
36,2569-WGERO,0,0,0.0007085759406097819,Low
37,5219-YIPTK,1,1,0.7827908354751294,High
38,5553-AOINX,0,0,0.41931316041865757,Medium
39,5502-RLUYV,1,1,0.5802831750471793,Medium
40,2058-DCJBE,1,1,0.8203423101856693,High
41,2293-IJWPS,0,0,0.41674991356427615,Medium
42,7130-VTEWQ,1,1,0.7393704977766833,High
43,0080-EMYVY,0,0,0.11116262321475842,Low
44,0148-DCDOS,1,1,0.5610498704220815,Medium
45,9170-ARBTB,0,0,0.008295246963936262,Low
46,2070-FNEXE,1,0,0.142960430597185,Low
47,5364-EVNIB,1,1,0.743003070888544,High
48,1112-CUNAO,1,1,0.6073291758404717,Medium
49,4576-CSAJH,1,0,0.1755548657834898,Low
50,9967-ATRFS,0,0,0.10290555876382804,Low
51,1360-RCYRT,0,0,0.20159364015349918,Low
52,5038-ETMLM,0,0,0.11869582999328468,Low
53,5663-QBGIS,0,0,0.08164457377656544,Low
54,4194-WHFCB,0,0,0.10777166262288375,Low
55,9481-WHGWY,0,0,0.008201752272636252,Low
56,5453-YBTWV,0,0,0.06810194531495534,Low
57,2018-PZKMU,0,1,0.5325557953196862,Medium
58,9277-JOOMO,0,0,0.3757082411998154,Low
59,3629-ZNKXA,0,1,0.6860424135705688,Medium
60,0369-ZGOVK,0,0,0.2004684260648431,Low
61,3604-WLABM,0,0,0.3125658184307806,Low
62,4063-EIKNQ,0,0,0.11106773384225706,Low
63,2878-RMWXY,0,0,0.1149800373649176,Low
64,9540-JYROE,1,1,0.7040552702147832,High
65,7515-LODFU,0,0,0.0013098926293893581,Low
66,1839-FBNFR,0,0,0.01431815603850445,Low
67,5397-NSKQG,0,0,0.012883163045128276,Low
68,1755-FZQEC,0,0,0.027034574993034827,Low
69,2160-GPFXD,0,0,0.030267241561594074,Low
70,4415-IJZTP,1,1,0.8583554096760706,High
71,9880-TDQAC,0,0,0.03901957032185528,Low
72,5138-WVKYJ,1,1,0.7701313767864916,High
73,8844-TONUD,1,1,0.6989573453223009,Medium
74,0080-OROZO,0,1,0.5265238071846163,Medium
75,0953-LGOVU,0,0,0.35403657752122564,Low
76,5325-UWTWJ,0,0,0.4331561761324223,Medium
77,1074-AMIOH,0,0,0.11710140143665436,Low
78,5906-BFOZT,0,1,0.5862674389110771,Medium
79,7026-YMSBE,0,0,0.05501207668880503,Low
80,6572-ADKRS,0,0,0.2427113550275198,Low
81,5922-ABDVO,1,1,0.6122835713572579,Medium
82,6475-VHUIZ,0,0,0.21530203447551036,Low
83,1324-NLTJE,1,0,0.1624103125780896,Low
84,4361-FEBGN,0,0,0.008049446153907064,Low
85,8393-DLHGA,1,1,0.6645049890555242,Medium
86,6769-DCQLI,1,0,0.17572391011291774,Low
87,3018-TFTSU,1,0,0.17087570036610886,Low
88,2324-AALNO,0,0,0.007662326654614102,Low
89,2300-RQGOI,0,0,0.013315045422878551,Low
90,6133-OZILE,0,0,0.4580525674641289,Medium
91,7605-SNLQG,0,0,0.08818129681167305,Low
92,5348-CAGXB,0,1,0.853373153534244,High
93,0201-MIBOL,0,0,0.03788227053339895,Low
94,7083-MIOPC,0,0,0.0009624213424259721,Low
95,0562-KBDVM,0,0,0.0034834365082883094,Low
96,1173-NOEYG,0,0,0.30910224781504203,Low
97,7698-YFGEZ,0,0,0.3837777370165744,Low
98,9061-TIHDA,1,1,0.8725337149556854,High
99,0016-QLJIS,0,0,0.04467053076947906,Low
100,7296-PIXQY,0,1,0.5351703916732019,Medium
101,9102-IAYHT,1,1,0.7840102717311799,High
102,6447-EGDIV,0,0,0.02900678504172797,Low
103,3460-TJBWI,0,0,0.10633267747907028,Low
104,3744-ZBHON,0,0,0.3625382943082416,Low
105,1092-GANHU,1,1,0.6468313302098083,Medium
106,3948-KXDUF,0,0,0.005516310071211702,Low
107,7284-ZZLOH,0,0,0.03587421363957419,Low
108,6745-JEFZB,0,0,0.48029738586749154,Medium
109,2606-PKWJB,0,0,0.03595582812733137,Low
110,1624-WOIWJ,1,1,0.5656797555020899,Medium
111,8777-PVYGU,0,0,0.07037918676063937,Low
112,4770-QAZXN,0,0,0.15539029676116062,Low
113,8012-SOUDQ,0,0,0.4525858866519155,Medium
114,5546-BYZSM,0,0,0.027925510759743668,Low
115,0523-VNGTF,0,0,0.08717664546881687,Low
116,3779-OSWCF,0,0,0.010296303262066132,Low
117,8535-SFUTN,0,0,0.4332358814717874,Medium
118,2320-SLKMB,0,0,0.3026548562706689,Low
119,7169-YWAMK,0,0,0.0038262005336869164,Low
120,8434-PNQZX,0,0,0.14984990624339242,Low
121,4981-FLTMF,0,0,0.00911343312859658,Low
122,9424-CMPOG,0,0,0.18528829172964484,Low
123,3627-FCRDW,1,1,0.5093267820189622,Medium
124,1518-OMDIK,0,0,0.22582844434920732,Low
125,8393-JMVMB,0,0,0.41312818156056763,Medium
126,7638-QVMVY,1,1,0.7941887180276758,High
127,6140-QNRQQ,1,1,0.7092384499795994,High
128,7969-FFOWG,0,0,0.002905185593933765,Low
129,1342-JPNKI,1,1,0.5576343479548622,Medium
130,7080-TNUWP,0,0,0.15778440436738977,Low
131,8949-JTMAY,1,1,0.7057003378782488,High
132,0654-HMSHN,1,1,0.7582862107188447,High
133,2725-KXXWT,1,1,0.8856160521416699,High
134,2439-QKJUL,0,0,0.30375255998178174,Low
135,1935-IMVBB,0,0,0.2673488268189141,Low
136,4628-WQCQQ,1,1,0.502749426159088,Medium
137,3724-BSCVH,0,0,0.21129837348724995,Low
138,7605-BDWDC,0,0,0.04836879915477904,Low
139,7137-RYLPP,1,1,0.6458970396736066,Medium
140,3207-OYBWH,1,0,0.26133418861686386,Low
141,4707-YNOQA,0,0,0.08096080396238396,Low
142,6956-SMUCM,1,1,0.7026113485355977,High
143,8714-CTZJW,0,1,0.7997723709103564,High
144,3662-FXJFO,0,0,0.00716565749750281,Low
145,7623-HKYRK,0,0,0.28563741033372936,Low
146,1353-GHZOS,0,0,0.15788287855343366,Low
147,3323-CPBWR,0,0,0.4967147370164468,Medium
148,6152-ONASV,0,0,0.0063749872960664235,Low
149,9251-AWQGT,0,0,0.007361660809439175,Low
150,4803-LBYPN,0,0,0.04566942730918102,Low
151,8879-ZKJOF,0,0,0.04489325036761127,Low
152,7354-OIJLX,0,1,0.8160821042285307,High
153,9129-UXERG,0,1,0.637474479638387,Medium
154,5302-BDJNT,0,0,0.44614072725530424,Medium
155,7148-XZPHA,0,0,0.15991516806475126,Low
156,2651-ZCBXV,0,0,0.30091517259952605,Low
157,1304-NECVQ,1,1,0.861215945400412,High
158,3374-TTZTK,0,1,0.5065252832217548,Medium
159,0229-LFJAF,0,0,0.003445175536728538,Low
160,1304-BCCFO,0,1,0.6468387148602253,Medium
161,0455-XFASS,0,1,0.8167220596450809,High
162,0221-WMXNQ,0,1,0.5430555319037493,Medium
163,2882-WDTBA,0,0,0.008121163505905872,Low
164,8069-RHUXK,0,0,0.003554100929484338,Low
165,4806-KEXQR,1,1,0.8530410923804589,High
166,2817-NTQDO,1,0,0.4128749325185622,Medium
167,3230-IUALN,0,0,0.047744011172236395,Low
168,6500-JVEGC,0,0,0.05135624167626277,Low
169,7103-ZGVNT,0,0,0.01501176537190741,Low
170,1837-YQUCE,0,0,0.01242298687357857,Low
171,4800-VHZKI,1,0,0.48172282612707884,Medium
172,3887-PBQAO,0,0,0.035812585409579,Low
173,5177-RVZNU,0,0,0.00826719564038291,Low
174,1729-VLAZJ,0,0,0.16348267033989117,Low
175,4273-MBHYA,0,1,0.8350119781208307,High
176,8690-UPCZI,0,0,0.0657489687252043,Low
177,6374-NTQLP,0,0,0.12454514871403519,Low
178,1618-CFHME,1,1,0.8083729267565759,High
179,4104-PVRPS,0,0,0.15368663234739427,Low
180,4210-QFJMF,1,1,0.830565203110557,High
181,5787-KXGIY,0,0,0.001901753694526235,Low
182,3088-LHEFH,0,0,0.4644100217603665,Medium
183,8896-RAZCR,0,0,0.007765530322262326,Low
184,7268-WNTCP,0,0,0.0014862414540504222,Low
185,5854-KSRBJ,0,0,0.0031055846119160536,Low
186,9907-SWKKF,1,1,0.5161908088304784,Medium
187,3932-CMDTD,1,1,0.6662720427978793,Medium
188,5277-ZLOOR,1,1,0.8092476008214281,High
189,2746-DIJLO,0,0,0.07945386905119234,Low
190,9174-FKWZE,1,1,0.5752796664618515,Medium
191,9919-FZDED,0,0,0.05823405729454048,Low
192,9488-FYQAU,0,0,0.1563467467952241,Low
193,6869-FGJJC,0,0,0.06288784426432086,Low
194,3349-ANQNH,0,0,0.44766029023064396,Medium
195,0222-CNVPT,0,0,0.12882409374460882,Low
196,6900-PXRMS,1,1,0.633636285567062,Medium
197,0230-WEQUW,0,0,0.00921762373656724,Low
198,7629-WFGLW,0,0,0.1201197643956273,Low
199,2235-EZAIK,0,0,0.010454446424142136,Low
200,5119-NZPTV,0,1,0.7335548121599559,High
201,4282-MSACW,0,0,0.2100372826579729,Low
202,7711-YIJWC,0,0,0.01642128838403731,Low
203,8749-CLJXC,0,0,0.38114759715031915,Low
204,7636-XUHWW,0,1,0.5254437725841974,Medium
205,0883-EIBTI,1,0,0.315287125994179,Low
206,4098-NAUKP,0,0,0.3130604227690847,Low
207,0701-TJSEF,0,0,0.2887259264020745,Low
208,0689-NKYLF,1,1,0.8387935342207211,High
209,9867-NNXLC,0,0,0.15526523347796653,Low
210,9337-SRRNI,0,0,0.00601866320237246,Low
211,1850-AKQEP,0,0,0.23152146616044464,Low
212,5600-KTXFM,0,1,0.6564333767914283,Medium
213,7055-HNEOJ,0,1,0.5326302015328627,Medium
214,2462-XIIJB,1,1,0.8025947335383846,High
215,7277-KAMWT,0,0,0.10760320944148313,Low
216,7691-KGKGP,0,0,0.03600659017048311,Low
217,7808-DVWEP,0,0,0.23781700878818876,Low
218,2379-GYFLQ,0,0,0.4269007754355874,Medium
219,7325-ENZFI,0,0,0.02965531282924201,Low
220,8800-ZKRFW,0,1,0.8014971839277004,High
221,9133-AYJZG,0,1,0.7036416017109645,High
222,6772-WFQRD,0,0,0.018457643077250053,Low
223,9670-BPNXF,0,0,0.018939579295930487,Low
224,2675-IJRGJ,0,0,0.0027945750320371087,Low
225,4829-ZLJTK,0,0,0.1870527252624906,Low
226,9950-MTGYX,0,0,0.07555574017124138,Low
227,9755-JHNMN,0,0,0.0029322064626142183,Low
228,3746-EUBYR,1,1,0.7582972906692184,High
229,7929-DMBCV,0,0,0.4614592452173798,Medium
230,9640-ZSLDC,0,0,0.032032375960377855,Low
231,7197-VOJMM,0,0,0.023863415252390725,Low
232,2696-NARTR,1,1,0.7626812375738801,High
233,0689-DSXGL,0,0,0.04041163661639802,Low
234,7294-TMAOP,1,1,0.682923672147018,Medium
235,6177-PEVRA,0,0,0.009817300020549563,Low
236,7410-YTJIK,1,1,0.5352563964783638,Medium
237,1410-RSCMR,0,0,0.36355117040822404,Low
238,8800-JOOCF,0,1,0.7972162493999257,High
239,4526-EXKKN,0,0,0.054077788693150476,Low
240,0813-TAXXS,0,0,0.03331080495777372,Low
241,2320-TZRRH,0,0,0.08472402938231115,Low
242,0841-NULXI,1,1,0.8562023891113557,High
243,2725-TTRIQ,0,0,0.01674410304547973,Low
244,4778-IZARL,0,0,0.16384410500752827,Low
245,2535-PBCGC,0,0,0.006467547964514505,Low
246,3629-WEAAM,0,0,0.2946662690182209,Low
247,6128-CZOMY,1,1,0.6086930177860285,Medium
248,9227-UAQFT,0,0,0.09664737935222016,Low
249,0804-XBFBV,0,0,0.4481701348078329,Medium
250,4503-BDXBD,1,1,0.5958384280228702,Medium
251,9626-VFRGG,0,0,0.28003996912313883,Low
252,4994-OBRSZ,0,0,0.03490930844280686,Low
253,3654-ARMGP,0,0,0.013115709316220445,Low
254,0829-XXPLX,0,0,0.31659845709210216,Low
255,8938-UMKPI,1,1,0.5676699629403489,Medium
256,4854-SSLTN,0,0,0.17802305180987682,Low
257,9720-JJJOR,0,0,0.042175064085191116,Low
258,1926-QUZNN,0,0,0.0020418996973612406,Low
259,4900-MSOMT,0,0,0.004227548075395165,Low
260,8910-ICHIU,0,0,0.1960745156611224,Low
261,4892-VLANZ,1,0,0.39436508144667703,Low
262,0076-LVEPS,0,0,0.1847727463752219,Low
263,1666-JXLKU,0,1,0.699735255842895,Medium
264,4003-FUSHP,0,0,0.22560057932304192,Low
265,7696-AMHOD,0,0,0.03345767654910775,Low
266,8082-GHXOP,0,0,0.3016217901297704,Low
267,5445-GLVOT,0,0,0.25842950398915504,Low
268,5195-KPUNQ,0,0,0.09075846683210792,Low
269,3948-XHGNA,1,0,0.11905265788050509,Low
270,9624-EGDEQ,0,0,0.015936908980296177,Low
271,7551-DACSP,1,1,0.5466608423901483,Medium
272,8128-YVJRG,1,1,0.6676068272643689,Medium
273,1038-ZAGBI,1,0,0.07588341285892986,Low
274,9153-BTBVV,0,0,0.001104025866677335,Low
275,9470-RTWDV,0,0,0.28266765775332603,Low
276,7554-AKDQF,0,0,0.329867116041972,Low
277,7241-AJHFS,0,0,0.07434878669121592,Low
278,9633-DENPU,0,0,0.06430817155857212,Low
279,5480-XTFFL,0,0,0.022459552897260097,Low
280,7803-XOCCZ,0,0,0.08275769626672863,Low
281,6549-BTYPG,0,0,0.02194741467205587,Low
282,9114-AAFQH,0,0,0.13408511621299826,Low
283,3572-UUHRS,0,0,0.00952339580433186,Low
284,7666-WKRON,1,0,0.20467625976271603,Low
285,5192-EBGOV,1,1,0.8089643099219517,High
286,6502-MJQAE,1,1,0.8534506173899781,High
287,6400-BWQKW,1,1,0.7792822817311177,High
288,5928-QLDHB,0,1,0.7988220684893341,High
289,4376-KFVRS,0,0,0.27022170654125194,Low
290,3528-HFRIQ,0,0,0.061242358509056544,Low
291,2718-YSKCS,0,0,0.001750622817680007,Low
292,2434-EEVDB,0,0,0.15263796513997,Low
293,6506-EYCNH,0,0,0.06167151749559686,Low
294,3396-DKDEL,0,0,0.17998780809283893,Low
295,3269-ATYWD,1,0,0.3578929148834967,Low
296,1159-WFSGR,0,0,0.19040979141893657,Low
297,9835-ZIITK,1,0,0.472415820051437,Medium
298,9279-CJEOJ,0,0,0.4407421720562514,Medium
299,4720-VSTSI,1,0,0.21428139046257877,Low
300,1360-JYXKQ,0,0,0.41190659974669847,Medium
301,8388-FYNPZ,0,0,0.32777403440007047,Low
302,7868-TMWMZ,0,0,0.06953630506052155,Low
303,3466-RITXD,0,1,0.666709280099408,Medium
304,6427-FEFIG,0,0,0.1638111417988883,Low
305,6518-PPLMZ,0,0,0.016825171988531673,Low
306,6762-NSODU,0,0,0.009366864690600276,Low
307,4355-CVPVS,0,0,0.08891914562740012,Low
308,7629-WIXZF,0,0,0.49759162567760784,Medium
309,3049-NDXFL,1,1,0.6358240026987778,Medium
310,3566-HJGPK,0,1,0.5892266180148954,Medium
311,1460-UZPRJ,0,0,0.004926830408297396,Low
312,3712-PKXZA,0,0,0.011166820632283428,Low
313,1623-NLDOT,1,0,0.06439817691184546,Low
314,5171-EPLKN,0,0,0.0393882457222483,Low
315,5569-KGJHX,1,1,0.5636776331642047,Medium
316,7463-IFMQU,0,0,0.0005906523346688811,Low
317,3178-CIFOT,0,0,0.11906043593709553,Low
318,1095-JUDTC,1,0,0.3803574605329766,Low
319,3719-TDVQB,0,0,0.01135549223146486,Low
320,4929-XIHVW,0,1,0.8036175857910525,High
321,8106-GWQOK,0,0,0.07046613501963737,Low
322,4128-ETESU,0,0,0.49343569780662133,Medium
323,0661-WCQNQ,0,0,0.14947671138780394,Low
324,4927-WWOOZ,0,1,0.8834785345674144,High
325,7564-GHCVB,0,0,0.01696569084914263,Low
326,3445-HXXGF,1,0,0.15612304619259035,Low
327,6670-MFRPK,0,0,0.14146572113642875,Low
328,6890-PFRQX,0,0,0.2805156140785537,Low
329,1552-CZCLL,0,0,0.007705379662867603,Low
330,2014-MKGMH,0,1,0.5155881473060355,Medium
331,0303-WMMRN,0,1,0.5228650879796801,Medium
332,3806-DXQOM,1,1,0.72364022265137,High
333,1724-BQUHA,1,1,0.8516938494701869,High
334,2580-ATZSQ,0,0,0.0031705470361022814,Low
335,7945-PRBVF,0,0,0.007716797351818472,Low
336,3898-GUYTS,0,0,0.47252613791702835,Medium
337,2832-SCUCO,0,0,0.3977741432873697,Low
338,9779-DPNEJ,0,1,0.6808523673572491,Medium
339,4915-BFSXL,0,0,0.019249995556173485,Low
340,5018-LXQQG,0,0,0.027030780984881687,Low
341,1698-XFZCI,0,1,0.580058569060873,Medium
342,1872-EBWSC,0,0,0.03775135931703869,Low
343,4446-BZKHU,1,1,0.618690776068797,Medium
344,4607-CHPCA,1,1,0.692491334812541,Medium
345,9475-NNDGC,0,0,0.13035333803080665,Low
346,3841-CONLJ,0,1,0.758398698617822,High
347,2294-DMMUS,0,0,0.09344076531955253,Low
348,5921-NGYRH,0,0,0.18349896018640688,Low
349,1897-OKVMW,0,0,0.04369909466687271,Low
350,5117-IFGPS,0,1,0.7842395047871759,High
351,3866-MDTUB,1,1,0.5586886645855336,Medium
352,1194-SPVSP,0,0,0.22987774990002274,Low
353,6905-NIQIN,1,0,0.3800650030800226,Low
354,6813-GZQCG,0,0,0.030621248178161902,Low
355,9896-UYMIE,0,0,0.16868857520166103,Low
356,8849-GYOKR,1,0,0.08638008049205252,Low
357,5816-JMLGY,0,0,0.012380181721725173,Low
358,3990-QYKBE,1,1,0.8411971122786269,High
359,6161-UUUTA,1,1,0.8217649003616327,High
360,0396-UKGAI,0,0,0.09612874300265607,Low
361,0512-FLFDW,0,0,0.3367580546995764,Low
362,2946-KIQSP,0,0,0.1999309467193343,Low
363,0187-WZNAB,0,0,0.241207791619646,Low
364,6867-ACCZI,0,0,0.26382115476794,Low
365,7024-OHCCK,1,1,0.8809994372021969,High
366,6481-OGDOO,1,0,0.1476854093787516,Low
367,7377-DMMRI,1,1,0.720711543668826,High
368,1963-VAUKV,1,0,0.2900293074490651,Low
369,5919-TMRGD,1,1,0.8068663634730037,High
370,6994-ORCWG,0,0,0.3948498720862097,Low
371,5144-TVGLP,0,1,0.5459511921718853,Medium
372,0328-GRPMV,1,1,0.7888413909791169,High
373,2905-KFQUV,0,1,0.7264914120904589,High
374,8637-XJIVR,1,1,0.7368240452347115,High
375,5150-LJNSR,0,0,0.12003275579559083,Low
376,4826-DXMUP,0,0,0.11088764582641412,Low
377,3518-FSTWG,0,0,0.13958942801397944,Low
378,2929-ERCFZ,1,1,0.847914095713974,High
379,1455-UGQVH,1,1,0.9337712141659005,High
380,8485-GJCDN,1,1,0.6777569496201147,Medium
381,0459-SPZHJ,0,0,0.055338998525252564,Low
382,2169-RRLFW,0,0,0.0021673128551897456,Low
383,8818-DOPVL,0,1,0.6203371701365241,Medium
384,1207-BLKSA,0,0,0.013440034243254307,Low
385,7593-XFKDI,1,0,0.37355140900038253,Low
386,5393-RXQSZ,1,1,0.7760826406686921,High
387,5183-KLYEM,0,0,0.20691563886440584,Low
388,0923-PNFUB,1,1,0.6844109207789454,Medium
389,4134-BSXLX,0,0,0.0808206653695482,Low
390,1452-XRSJV,0,0,0.03459658394807689,Low
391,4213-HKBJO,0,0,0.024169314053135566,Low
392,7750-EYXWZ,0,0,0.38047679532273465,Low
393,7180-PISOG,1,1,0.908154871431636,High
394,1356-MKYSK,0,0,0.3335071305101102,Low
395,1212-GLHMD,0,1,0.6701325594218983,Medium
396,7228-OMTPN,1,1,0.8975897266529763,High
397,7682-AZNDK,0,1,0.6446478229459247,Medium
398,6286-SUUWT,0,0,0.3864146937370545,Low
399,3500-RMZLT,1,0,0.358838534200692,Low
400,4729-XKASR,1,1,0.7183042835009031,High
401,8364-TRMMK,1,1,0.5588329412637312,Medium
402,1000-AJSLD,1,1,0.5535252939377305,Medium
403,4393-OBCRR,0,0,0.22364782319813528,Low
404,0942-KOWSM,0,0,0.028793636802145597,Low
405,0870-VEMYL,1,0,0.20240073210715864,Low
406,3454-JFUBC,0,0,0.0031734735387445837,Low
407,2592-YKDIF,0,0,0.29232769024160005,Low
408,6941-PMGEP,1,1,0.796514504676639,High
409,0511-JTEOY,1,0,0.4871431712191728,Medium
410,4323-ELYYB,0,0,0.1836769790326089,Low
411,9500-LTVBP,0,0,0.20405047487158445,Low
412,8120-JDCAM,0,1,0.7941277452844991,High
413,1335-NTIUC,0,1,0.7535896993893372,High
414,6563-VNPMN,0,0,0.05133762556988532,Low
415,0668-OGMHD,0,0,0.37058925831010986,Low
416,0311-UNPFF,1,0,0.4087988681417422,Medium
417,9282-IZGQK,1,1,0.8678561707073095,High
418,4695-WJZUE,1,1,0.8837056426448636,High
419,5527-ACHSO,0,0,0.22724664545391546,Low
420,5140-FOMCQ,0,0,0.41070944403229376,Medium
421,0410-IPFTY,0,0,0.3775310443524448,Low
422,1333-PBMXB,0,0,0.011107795972818987,Low
423,1915-OAKWD,0,0,0.09659246567877669,Low
424,5707-ORNDZ,1,0,0.4116387679524482,Medium
425,7969-AULMZ,1,1,0.6871979056683156,Medium
426,2700-LUEVA,0,0,0.3277399394559892,Low
427,9099-FTUHS,0,0,0.2131552043176852,Low
428,8699-ASUFO,1,1,0.8272005268042745,High
429,7181-OQCUT,0,1,0.6042251328648597,Medium
430,3096-YXENJ,0,0,0.2024595868003379,Low
431,2495-INZWQ,1,1,0.8681048859145897,High
432,2193-SFWQW,0,0,0.024779354976071873,Low
433,3908-MKIMJ,0,0,0.01804981224604924,Low
434,6736-DHUQI,0,0,0.01991549072633917,Low
435,2868-MZAGQ,1,1,0.884082790662483,High
436,8905-IAZPF,0,0,0.19295958923298687,Low
437,1215-FIGMP,0,0,0.18666733859474754,Low
438,0772-GYEQQ,1,1,0.7788162254663982,High
439,9995-HOTOH,0,0,0.0511287410133119,Low
440,7579-KKLOE,0,0,0.043643187444309096,Low
441,3594-UVONA,1,0,0.14045286633700554,Low
442,6641-XRPSU,1,0,0.3161418019129887,Low
443,5707-ZMDJP,0,0,0.03608991437290313,Low
444,3307-TLCUD,0,0,0.3805428593507803,Low
445,4797-AXPXK,1,0,0.399614726280682,Low
446,4869-EPIUS,0,0,0.3442083820508218,Low
447,8563-IIOXK,1,1,0.531899407097645,Medium
448,2773-OVBPK,0,0,0.14641605993673462,Low
449,1353-LJWEM,0,0,0.4347349573883907,Medium
450,5868-YTYKS,0,1,0.5144573376521663,Medium
451,8713-IGZSO,0,0,0.4608258982983734,Medium
452,6050-FFXES,0,0,0.0558443154246005,Low
453,9300-RENDD,1,1,0.8522584393819247,High
454,4183-MYFRB,0,1,0.656460802765866,Medium
455,3339-EAQNV,0,0,0.4500162462014748,Medium
456,2545-EBUPK,0,1,0.8701864199342374,High
457,4990-ALDGW,0,0,0.0037520473829121184,Low
458,0970-ETWGE,1,1,0.8842503449854489,High
459,3671-SHRSP,1,1,0.7146438636038374,High
460,2308-STERM,0,0,0.3236489556724444,Low
461,1219-NNDDO,0,1,0.7110990400210462,High
462,3508-CFVZL,0,0,0.15728975661918193,Low
463,3387-PLKUI,0,0,0.2137460483745975,Low
464,9702-AIUJO,0,0,0.03085532078185278,Low
465,8337-UPOAQ,1,1,0.8875314165643118,High
466,1728-CXQBE,0,1,0.5449539035393447,Medium
467,5134-IKDAY,1,1,0.8237226990506792,High
468,9638-JIQYA,0,1,0.7594282028416621,High
469,6647-ZEDXT,0,0,0.30276347225378475,Low
470,1579-KLYDT,1,1,0.8535414070000686,High
471,3985-HOYPM,0,0,0.07714293068807428,Low
472,6705-LNMDD,0,0,0.1519014311079362,Low
473,6917-FIJHC,0,0,0.0037526419806903607,Low
474,4640-UHDOS,1,0,0.33993049143606885,Low
475,1414-YADCW,0,0,0.012257584405332055,Low
476,5960-MVTUK,0,1,0.782091134907473,High
477,0637-KVDLV,1,1,0.8386976965371992,High
478,5451-YHYPW,0,0,0.147419918518855,Low
479,5813-UECBU,1,1,0.5386292945392046,Medium
480,9947-OTFQU,1,1,0.7014919320944611,High
481,1816-FLZDK,0,1,0.5993537217003996,Medium
482,3005-NFMTA,1,1,0.5735943466461725,Medium
483,4710-NKCAW,0,0,0.3217601545393971,Low
484,4290-BSXUX,1,1,0.6675405620138065,Medium
485,6266-QHOJZ,0,0,0.13915275876245103,Low
486,6047-SUHPR,0,0,0.08397157239407627,Low
487,6010-DDPPW,0,0,0.001799400097989006,Low
488,4374-YMUSQ,0,0,0.24646083789301787,Low
489,1958-RNRKS,0,0,0.2871823177972426,Low
490,7176-WIONM,0,1,0.5193056081000909,Medium
491,9483-GCPWE,0,0,0.18833549385911516,Low
492,1264-FUHCX,0,0,0.0920663714793416,Low
493,8887-IPQNC,0,1,0.555210119880635,Medium
494,2921-XWDJH,0,1,0.5113201587528798,Medium
495,5574-NXZIU,0,0,0.09689757287355509,Low
496,8644-XLFBW,1,1,0.7587354873182534,High
497,4811-JBUVU,0,1,0.5687835823032251,Medium
498,8970-ANWXO,0,0,0.36550282895950154,Low
499,0602-DDUML,0,0,0.012905687301045007,Low
500,5671-RQRLP,0,0,0.06879902101586824,Low
501,9959-WOFKT,0,0,0.03416875568078624,Low
502,1208-NBVFH,0,1,0.5033742755701144,Medium
503,6976-BWGLQ,0,0,0.0008714020389780751,Low
504,2178-PMGCJ,0,1,0.5615042709414224,Medium
505,7610-TVOPG,0,0,0.42381540644310184,Medium
506,7240-ETPTR,1,1,0.850488624728771,High
507,6518-LGAOV,1,1,0.6923729326859215,Medium
508,2826-DXLQO,0,0,0.2895545343075361,Low
509,5949-HGVJL,0,0,0.4848021007032581,Medium
510,3489-VSFRD,0,0,0.018144758102617838,Low
511,2812-REYAT,0,0,0.010228695131162528,Low
512,9633-XQABV,0,1,0.7680157870677717,High
513,4102-OQUPX,1,1,0.907010133740309,High
514,2900-PHPLN,0,0,0.0029012414842711567,Low
515,9894-QMIMJ,0,0,0.04271692388533776,Low
516,7596-ZYWBB,0,0,0.007710525445951027,Low
517,5440-FLBQG,1,0,0.16995604432256167,Low
518,3063-QFSZL,1,1,0.6658109726762237,Medium
519,4873-ILOLJ,1,1,0.7353568162628049,High
520,3003-CMDUU,0,1,0.6583547667254466,Medium
521,7279-NMVJC,0,0,0.044601398204078484,Low
522,6478-HRRCZ,0,0,0.07493771962339654,Low
523,3678-MNGZX,0,0,0.0010288233424130373,Low
524,5902-WBLSE,0,0,0.002559027337173366,Low
525,7722-CVFXN,0,1,0.5216840987292494,Medium
526,2223-KAGMX,1,0,0.07171247707649658,Low
527,9803-FTJCG,0,0,0.015422850882129763,Low
528,6060-QBMGV,0,0,0.0021488243207349544,Low
529,2858-EIMXH,0,0,0.3282350490755324,Low
530,4741-WWJQZ,0,1,0.6920666977088044,Medium
531,9845-PEEKO,0,0,0.10241633673239713,Low
532,9167-APMXZ,0,0,0.4540700069908926,Medium
533,9800-ONTFE,0,0,0.36083241347201905,Low
534,3621-CHYVB,0,0,0.02931209541915035,Low
535,3177-LASXD,1,1,0.5814712169759181,Medium
536,1465-VINDH,1,1,0.868285086457336,High
537,2055-SIFSS,0,0,0.011427345753026284,Low
538,0804-YGEQV,0,0,0.025273039159782403,Low
539,3346-BRMIS,1,1,0.7472326171109887,High
540,3130-ICDUP,0,0,0.4484025267764924,Medium
541,0732-OCQOC,0,0,0.007869186297305087,Low
542,4012-YCFAI,0,0,0.015010894970853218,Low
543,7346-MEDWM,0,0,0.3966951922393097,Low
544,7036-TYDEC,0,0,0.15793264711169266,Low
545,6615-NGGZJ,1,1,0.8358828118240222,High
546,3441-CGZJH,0,0,0.1163030562804719,Low
547,0208-BPQEJ,0,0,0.10050551311836117,Low
548,2229-DPMBI,0,0,0.15146285845245078,Low
549,7159-FVYPK,0,0,0.4803603395486047,Medium
550,7544-ZVIKX,0,0,0.24226084362166142,Low
551,6366-XIVKZ,0,0,0.4744953251316082,Medium
552,7137-NAXML,0,0,0.036743893664495986,Low
553,7126-RBHSD,0,1,0.5998102117020725,Medium
554,1428-IEDPR,0,0,0.41981163041719394,Medium
555,9465-RWMXL,1,1,0.7609680874466743,High
556,2908-ZTPNF,0,0,0.06372726491208196,Low
557,4176-RELJR,0,0,0.0027399383889339063,Low
558,3001-UNBTL,0,1,0.6320916845493959,Medium
559,6067-NGCEU,0,0,0.25857092316606567,Low
560,2479-BRAMR,1,0,0.27834256756237424,Low
561,3161-ONRWK,0,0,0.011130462963742085,Low
562,6349-JDHQP,0,0,0.004152817661270191,Low
563,1619-YWUBB,0,0,0.0056872949037319875,Low
564,2761-OCIAX,1,1,0.80617310936336,High
565,2683-JXWQQ,0,0,0.014013708456433203,Low
566,9585-KKMFD,0,0,0.036255789152269985,Low
567,7524-VRLPL,0,0,0.012953102460717578,Low
568,3780-DDGSE,0,0,0.2618824545084648,Low
569,2207-OBZNX,1,0,0.3785135566637795,Low
570,0023-UYUPN,0,0,0.022818881875821175,Low
571,5975-BAICR,0,0,0.18786283587555494,Low
572,2669-OIDSD,0,0,0.3793165610264439,Low
573,8146-QQKZH,0,0,0.003889388236794967,Low
574,2307-FYNNL,0,0,0.30804361228499205,Low
575,2985-FMWYF,0,1,0.8311026448486013,High
576,5387-ASZNZ,0,0,0.017751532703188348,Low
577,5349-AZPEW,0,1,0.5217552184926183,Medium
578,9481-IEBZY,0,0,0.4151043910234462,Medium
579,9818-XQCUV,0,0,0.2773247005624651,Low
580,3750-RNQKR,0,0,0.17945554770429317,Low
581,5442-UTCVD,1,1,0.7118227749827342,High
582,3649-JPUGY,0,0,0.01120090762961037,Low
583,2195-VVRJF,0,0,0.3909907842344348,Low
584,1271-UODNO,0,0,0.10538353065345273,Low
585,0118-JPNOY,0,0,0.2950478184342894,Low
586,9499-XPZXM,0,0,0.0029715887522431725,Low
587,7343-EOBEU,0,1,0.739036028966936,High
588,3877-JRJIP,1,1,0.7975689089454812,High
589,5498-TXHLF,1,1,0.6073520665450448,Medium
590,3969-GYXEL,0,0,0.36893919082936105,Low
591,5730-DBDSI,0,0,0.0010346622433348668,Low
592,2868-SNELZ,1,1,0.5948531964951151,Medium
593,7797-EJMDP,0,0,0.0757473919892632,Low
594,4067-HLYQI,0,0,0.18025934144094696,Low
595,4231-LZUYM,0,0,0.0009417528603206257,Low
596,3638-WEABW,0,0,0.029587867882497215,Low
597,5060-TQUQN,0,0,0.4037126863906437,Medium
598,7802-EFKNY,1,1,0.8453555985779818,High
599,7576-JMYWV,0,0,0.44123259103264695,Medium
600,3496-LFSZU,0,1,0.7294506936373664,High
601,4795-WRNVT,0,0,0.04498032253403798,Low
602,3938-YFPXD,0,0,0.020056412910343983,Low
603,6651-AZVTJ,1,1,0.7159725749560208,High
604,3658-KIBGF,1,1,0.5233664695006887,Medium
605,4143-HHPMK,1,0,0.38774964649174576,Low
606,4821-WQOYN,0,0,0.002075458433879906,Low
607,4291-HYEBC,0,0,0.4109297675298136,Medium
608,8849-AYPTR,0,1,0.5005067934002349,Medium
609,3898-BSJYF,0,0,0.21211022029538237,Low
610,7562-GSUHK,1,0,0.4277271965835941,Medium
611,3523-QRQLL,1,0,0.17665342934753242,Low
612,9661-JALZV,0,0,0.01027203988706997,Low
613,4670-TABXH,0,0,0.2663803575650714,Low
614,7966-YOTQW,0,0,0.4909440016036309,Medium
615,3694-GLTJM,0,0,0.4001232950443048,Medium
616,8835-VSDSE,1,1,0.804771359189751,High
617,3721-CNEYS,1,1,0.7461115885461885,High
618,9667-TKTVZ,0,1,0.5591849586240123,Medium
619,2927-CVULT,0,0,0.11375034677472005,Low
620,6595-YGXIT,1,1,0.7609240862037998,High
621,0864-FVJNJ,0,0,0.2822630199051356,Low
622,4537-DKTAL,0,0,0.4224536108210464,Medium
623,3466-WAESX,0,1,0.5665642383058814,Medium
624,2483-XSSMZ,0,0,0.13227275828032972,Low
625,4163-KIUHY,0,0,0.16797479257831133,Low
626,8486-AYEQH,0,1,0.5035249073818959,Medium
627,0516-WJVXC,1,0,0.2871589847724233,Low
628,5304-EFJLP,0,0,0.10082868466033819,Low
629,4137-BTIKL,0,1,0.6133384115598448,Medium
630,2863-IMQDR,0,0,0.034830861819478254,Low
631,2930-UOTMB,1,0,0.06658051401803283,Low
632,5673-TIYIB,1,1,0.6441097670574693,Medium
633,3645-DEYGF,0,0,0.31772318347222406,Low
634,1099-GODLO,0,0,0.2011175643206461,Low
635,1955-IBMMB,0,0,0.003348169017537433,Low
636,6857-VWJDT,1,1,0.6590681294080076,Medium
637,6410-LEFEN,1,0,0.3423224041747666,Low
638,6692-UDPJC,1,1,0.6726268862780063,Medium
639,7858-GTZSP,0,1,0.7526374050783736,High
640,5232-NXPAY,0,0,0.035536908091682334,Low
641,1355-KUSBG,0,1,0.5722396994679205,Medium
642,1174-FGIFN,0,1,0.5778472439531905,Medium
643,8750-QWZAJ,0,0,0.0006412296793162262,Low
644,7850-THJMU,0,0,0.03826798220462541,Low
645,0310-MVLET,1,1,0.5434782767172168,Medium
646,2623-DRYAM,0,0,0.3571908575529137,Low
647,1905-OEILC,0,0,0.33296740062100033,Low
648,6899-PPEEA,1,1,0.551843634481856,Medium
649,3104-OWCGK,1,0,0.17150495338876223,Low
650,5287-QWLKY,1,0,0.307601193256056,Low
651,2603-HVKCG,0,1,0.6385746816683967,Medium
652,9845-QOMAD,0,0,0.18641723250069525,Low
653,4816-OKWNX,0,0,0.27669576484667663,Low
654,9103-CXVOK,0,1,0.5436570654528879,Medium
655,2845-AFFTX,1,1,0.7776047249904315,High
656,7776-QWNFX,1,0,0.10533734959320272,Low
657,1468-DEFNC,0,0,0.004433032058332928,Low
658,7905-NJMXS,0,0,0.42278986542973085,Medium
659,1866-OBPNR,0,1,0.6404652996481492,Medium
660,3720-DBRWL,0,0,0.0866647637077462,Low
661,5073-RZGBK,0,0,0.0402431782798592,Low
662,0129-QMPDR,0,0,0.016973259283242958,Low
663,2560-PPCHE,0,0,0.12196852883774356,Low
664,1496-GGSUK,1,1,0.6526615664983708,Medium
665,4671-LXRDQ,1,1,0.6044627316960244,Medium
666,9432-RUVSL,0,0,0.22817839942814952,Low
667,3992-YWPKO,1,1,0.7062239067882725,High
668,8980-WQFWL,0,0,0.1787038521444475,Low
669,0212-ISBBF,0,1,0.5467169871297688,Medium
670,7722-VJRQD,0,0,0.005659096097345469,Low
671,4135-FRWKJ,0,0,0.031088404499692336,Low
672,5161-UBZXI,0,0,0.09365089339843478,Low
673,5327-XOKKY,0,0,0.0776749819493839,Low
674,3988-RQIXO,1,1,0.7597575131679323,High
675,0479-HMSWA,0,0,0.3816958797138096,Low
676,6923-AQONU,0,0,0.05451677073915273,Low
677,5562-YJQGT,0,0,0.2609201423174413,Low
678,7598-UAASY,1,1,0.7119982263481289,High
679,7251-LJBQN,0,0,0.45371326978271476,Medium
680,4910-GMJOT,1,1,0.884900128509335,High
681,0257-ZESQC,1,0,0.18440377530028,Low
682,4765-OXPPD,1,0,0.1646225948806666,Low
683,6583-QGCSI,1,1,0.564534644544594,Medium
684,9805-FILKB,0,0,0.015108378931331769,Low
685,2706-QZIHY,0,0,0.13054838727191284,Low
686,7673-LPRNY,0,0,0.48754199427169204,Medium
687,6778-YSNIH,0,1,0.6689822786393796,Medium
688,9050-QLROH,1,1,0.7119841695654998,High
689,0707-HOVVN,0,0,0.007896412689859616,Low
690,7102-JJVTX,0,0,0.22800573226919574,Low
691,1810-MVMAI,0,0,0.254525245260983,Low
692,7993-NQLJE,0,0,0.408307239280077,Medium
693,9281-OFDMF,0,0,0.39437007252142126,Low
694,6789-HJBWG,0,0,0.4875776420372478,Medium
695,2139-FQHLM,0,0,0.3943024360089815,Low
696,3723-BFBGR,0,0,0.1795917331856714,Low
697,0639-TSIQW,1,0,0.1235408175109347,Low
698,8626-PTQGE,0,0,0.011061982536450193,Low
699,3541-ZNUHK,0,0,0.28191342346150666,Low
700,4568-KNYWR,0,0,0.049118450472566855,Low
701,9658-WYUFB,1,1,0.6927954420548662,Medium
702,0997-YTLNY,0,0,0.13612723563063792,Low
703,3208-YPIOE,1,0,0.38891520632535354,Low
704,7707-PYBBH,0,0,0.0572705810247223,Low
705,9313-QOLTZ,0,0,0.07012727368755882,Low
706,6654-QGBZZ,0,0,0.3134838178383245,Low
707,6877-LGWXO,1,1,0.7003201822442529,High
708,8020-BWHYL,1,0,0.46184937537523935,Medium
709,3594-IVHJZ,0,0,0.4326822812485064,Medium
710,9507-EXLTT,1,1,0.6421662905077766,Medium
711,9793-WECQC,0,0,0.4573706438079333,Medium
712,1266-NZYUI,0,0,0.0018400771637937794,Low
713,2342-CKIAO,0,0,0.2791160801921066,Low
714,6963-EZQEE,0,0,0.06503592273884337,Low
715,2796-NNUFI,0,0,0.017769113906271138,Low
716,3486-NPGST,0,0,0.0248685457728483,Low
717,9070-BCKQP,0,0,0.16119633754098078,Low
718,7742-MYPGI,0,0,0.4799240304742406,Medium
719,9929-PLVPA,0,0,0.21112454394725924,Low
720,9124-LHCJQ,1,1,0.793471150283972,High
721,2792-LSHWX,0,1,0.5964405294471198,Medium
722,9330-IJWIO,1,1,0.7530562990158515,High
723,0617-AQNWT,1,0,0.02745389262039479,Low
724,0895-UADGO,0,0,0.39995301661217136,Low
725,7255-SSFBC,0,0,0.09314653892380749,Low
726,5834-ASPWA,1,1,0.8724418547540784,High
727,4132-KALRO,0,1,0.7051544934825826,High
728,8064-RAVOH,0,1,0.7003884956441746,High
729,8028-PNXHQ,0,0,0.005973821189615014,Low
730,9508-ILZDG,0,0,0.4104440550852597,Medium
731,4361-JEIVL,1,1,0.716904705638125,High
732,2430-USGXP,1,1,0.8313282203576255,High
733,5965-GGPRW,0,0,0.062965291070114,Low
734,2542-HYGIQ,0,0,0.2946597041592096,Low
735,1035-IPQPU,0,1,0.594630759589918,Medium
736,3617-XLSGQ,0,0,0.06334187872425387,Low
737,9107-UKCKY,0,0,0.2550196219805963,Low
738,5146-YYFRZ,0,0,0.0009256614241742574,Low
739,5649-VUKMC,1,0,0.4314387843532203,Medium
740,3472-OAOOR,0,0,0.41938610754108036,Medium
741,0397-ZXWQF,0,0,0.0008739000773835603,Low
742,1346-UFHAX,0,1,0.5621277918727622,Medium
743,7252-NTGSS,0,0,0.35583363637813226,Low
744,3198-VELRD,1,1,0.6833833191071375,Medium
745,3407-QGWLG,0,0,0.48951836845278107,Medium
746,9874-QLCLH,1,1,0.803350673152574,High
747,8668-KNZTI,0,0,0.04381194665016224,Low
748,8249-THVEC,0,0,0.014072794030235654,Low
749,6060-DRTNL,1,1,0.6678363703220108,Medium
750,6773-LQTVT,0,0,0.2312223482516728,Low
751,7853-GVUDZ,1,0,0.487587994364095,Medium
752,4897-QSUYC,1,0,0.46783918478242237,Medium
753,5197-PYEPU,0,0,0.32917095845247,Low
754,3785-NRHYR,0,0,0.40237177711273636,Medium
755,6087-MVHJH,1,1,0.8412254031589357,High
756,1685-VAYJF,0,0,0.27317148838298966,Low
757,9912-GVSEQ,1,1,0.7740069597369647,High
758,4636-OLWOE,0,0,0.048349657692409766,Low
759,9600-UDOPK,1,1,0.7766248515307473,High
760,8631-NBHFZ,1,0,0.015414380416355957,Low
761,1053-MXTTK,0,0,0.06148331451152419,Low
762,3549-ZTMNH,0,0,0.21004186375151362,Low
763,7825-ECJRF,1,0,0.48489915872811395,Medium
764,6439-LAJXL,0,0,0.4464252578488538,Medium
765,4075-WKNIU,0,0,0.3377040746048327,Low
766,8042-RNLKO,0,0,0.00239294304626587,Low
767,4881-JVQOD,0,1,0.537060800275661,Medium
768,9593-CVZKR,0,0,0.015134179261077386,Low
769,9972-EWRJS,0,0,0.001909113083678377,Low
770,9888-ZCUMM,0,0,0.01901180137318723,Low
771,1265-ZFOSD,0,0,0.027712744985074998,Low
772,6078-VESFR,0,0,0.2914771823660276,Low
773,0306-JAELE,1,1,0.7648803988730101,High
774,7075-BNDVQ,0,0,0.41352772572128826,Medium
775,2208-MPXIO,0,0,0.00839334690379812,Low
776,3096-GKWEB,0,1,0.8817253843206163,High
777,7404-JLKQG,0,1,0.5968561941276199,Medium
778,5049-GLYVG,1,0,0.352703721324699,Low
779,6704-UTUKK,0,1,0.5779170874588394,Medium
780,9397-TZSHA,0,0,0.0021721573037506822,Low
781,4686-UXDML,0,1,0.6552588939829687,Medium
782,3808-HFKDE,0,0,0.3906222303590358,Low
783,3580-HYCSP,0,0,0.12730918583178244,Low
784,9795-VOWON,0,1,0.6581733459639851,Medium
785,2159-TURXX,0,0,0.29515560703696225,Low
786,0096-BXERS,0,1,0.5341056259049584,Medium
787,6507-DTJZV,0,0,0.2479351267175272,Low
788,9962-BFPDU,0,0,0.3406754009570095,Low
789,4587-NUKOX,1,1,0.7195619229623227,High
790,4060-LDNLU,0,1,0.7462306807621535,High
791,2379-ENZGV,1,1,0.8116924305840916,High
792,4877-EVATK,1,0,0.3837777370165744,Low
793,9442-JTWDL,0,0,0.1317985416658576,Low
794,2748-MYRVK,1,0,0.07934260886850537,Low
795,3966-HRMZA,0,0,0.4845914251126107,Medium
796,2862-JVEOY,0,0,0.2892212736748033,Low
797,9489-DEDVP,0,0,0.023242235602716616,Low
798,9469-WEJBT,0,1,0.6012261584906796,Medium
799,2384-OVPSA,0,0,0.01096956362562219,Low
800,2186-QZEYA,0,0,0.09964779780088096,Low
801,6202-JVYEU,0,0,0.46011169049131806,Medium
802,6419-ZTTLE,0,0,0.2183005425323922,Low
803,1891-UAWWU,1,1,0.5913989960224528,Medium
804,6963-KQYQB,0,0,0.002982203164141038,Low
805,2521-NPUZR,0,0,0.0470656739861239,Low
806,8242-SOQUO,0,1,0.7345808411760818,High
807,9823-EALYC,0,0,0.010390470571705964,Low
808,2314-TNDJQ,0,0,0.005232784628527249,Low
809,9714-EDSUC,0,1,0.6140469209369207,Medium
810,1383-EZRWL,1,0,0.22063637557978408,Low
811,6617-WLBQC,0,0,0.1980430577912858,Low
812,6652-YFFJO,0,1,0.587147851991362,Medium
813,1401-FTHFQ,0,0,0.16689030272153782,Low
814,1803-BGNBD,0,0,0.4106375095090772,Medium
815,1470-PSXNM,0,1,0.6098269551183179,Medium
816,9185-TQCVP,1,1,0.8702881252198895,High
817,6481-LXPWL,0,0,0.049113026215917586,Low
818,5066-GFJMM,0,1,0.5117599158864626,Medium
819,7519-JTWQH,0,0,0.0806597540723069,Low
820,9957-YODKZ,0,1,0.8526250726327746,High
821,8430-TWCBX,0,0,0.00963208022773543,Low
822,5955-ERIHD,1,1,0.8826610130273878,High
823,5186-SAMNZ,1,1,0.5927299238117457,Medium
824,5759-RCVCB,1,1,0.511821624175342,Medium
825,0220-EBGCE,1,1,0.8392659615696678,High
826,7427-AUFPY,0,0,0.00541997846335315,Low
827,3221-CJMSG,0,0,0.17713099434763735,Low
828,4194-FJARJ,0,0,0.005817096325254174,Low
829,8138-EALND,0,0,0.18533638313356585,Low
830,8345-MVDYC,0,0,0.008386518372056942,Low
831,6119-SPUDB,0,0,0.03177097572607065,Low
832,1202-KKGFU,0,0,0.092793757259844,Low
833,6556-DBKZF,0,0,0.03699966115871121,Low
834,6339-DKLMK,0,1,0.5114749240896108,Medium
835,1977-STDKI,1,1,0.8189198052245771,High
836,4001-TSBTV,0,0,0.291441041953075,Low
837,7912-SYRQT,1,1,0.5389777571901342,Medium
838,4779-ZGICK,0,0,0.022522174988558272,Low
839,0670-ANMUU,0,0,0.04327446299842141,Low
840,8735-NBLWT,0,0,0.21496342517961894,Low
841,8930-XOTDP,0,0,0.18711796686282275,Low
842,6380-ARCEH,0,0,0.37329943118797726,Low
843,1167-OYZJF,0,0,0.0014513244694681524,Low
844,1628-BIZYP,0,1,0.8516506189178247,High
845,6284-KMNUF,0,1,0.51740654302949,Medium
846,4676-WLUHT,0,0,0.008074940966232458,Low
847,2138-VFAPZ,0,0,0.17866145063513272,Low
848,8648-PFRMP,0,1,0.5962153753231393,Medium
849,8097-VBQTZ,0,0,0.055322773576982204,Low
850,6087-YPWHO,0,0,0.013482362974938232,Low
851,8109-YUOHE,0,0,0.10588787392187206,Low
852,3807-XHCJH,0,0,0.4468971234052352,Medium
853,0524-IAVZO,1,1,0.7349146795672662,High
854,8957-THMOA,0,0,0.004271134454099662,Low
855,7521-YXVZY,0,0,0.32306366352446125,Low
856,7077-XJMET,0,1,0.6725034668098989,Medium
857,9625-QSTYE,1,1,0.6025371047416439,Medium
858,7924-GJZFI,0,1,0.616699387030516,Medium
859,2034-GDRCN,1,1,0.8125450548383661,High
860,4186-ZBUEW,0,0,0.13106604025955323,Low
861,4026-SKKHW,0,0,0.48853176249352404,Medium
862,8548-AWOFC,0,0,0.07980303637358462,Low
863,0680-DFNNY,1,1,0.8680841906498268,High
864,7501-IWUNG,0,0,0.02368189096809114,Low
865,7176-WRTNX,0,0,0.08895721602974142,Low
866,8450-UYIBU,0,0,0.29712171635504614,Low
867,1794-HBQTJ,1,0,0.4965806596251366,Medium
868,1862-QRWPE,0,0,0.0030293546791932105,Low
869,2996-XAUVF,0,0,0.0169166642957341,Low
870,7145-FEJWU,0,1,0.7929864092020433,High
871,6710-HSJRD,0,0,0.45000125405202657,Medium
872,7530-HDYDS,1,0,0.2790918948795746,Low
873,8042-JVNFH,1,1,0.7183379385287304,High
874,5127-BZENZ,0,0,0.012207201024904073,Low
875,0876-WDUUZ,1,1,0.6014479632661806,Medium
876,0356-ERHVT,0,0,0.29678101113837746,Low
877,9912-OMZDS,0,0,0.45477996980873275,Medium
878,2275-RBYQS,0,1,0.5153869472595787,Medium
879,0917-EZOLA,1,0,0.1892970623824751,Low
880,2749-CTKAJ,0,0,0.09967876101633037,Low
881,5160-UXJED,0,0,0.1755662250940201,Low
882,7244-QWYHG,0,0,0.0408010037279444,Low
883,4226-KKDON,0,0,0.446650123537543,Medium
884,7018-FPXHH,0,0,0.014490977514363528,Low
885,9897-KXHCM,1,1,0.823528778138368,High
886,1222-KJNZD,0,0,0.028832982666535504,Low
887,2452-KDRRH,0,0,0.31911609353584486,Low
888,6892-EZDTG,1,1,0.8088803418777075,High
889,6980-CDGFC,0,0,0.0022347917804780813,Low
890,5071-FBJFS,0,0,0.3536665892256963,Low
891,4018-PPNDW,0,0,0.011620386822265506,Low
892,9066-QRSDU,0,0,0.010548429683665428,Low
893,0318-ZOPWS,0,0,0.0068041463829349854,Low
894,0419-YAAPX,0,0,0.3630014029418299,Low
895,9786-IJYDL,0,0,0.3831899738466802,Low
896,4195-PNGZS,0,0,0.001796060216011122,Low
897,9372-TXXPS,0,0,0.0028420645976414945,Low
898,7734-DBOAI,1,1,0.627140753284307,Medium
899,2858-MOFSQ,1,0,0.28035659401966184,Low
900,8180-AKMJV,0,1,0.5431517425333802,Medium
901,2690-DVRVK,0,0,0.3669930899670862,Low
902,1790-NESIO,0,0,0.14770623993648777,Low
903,8083-YTZES,1,1,0.8818693847973289,High
904,0661-KBKPA,0,0,0.1872168511230502,Low
905,4139-DETXS,0,0,0.004977664319165437,Low
906,1395-WSWXR,0,0,0.04539323133805528,Low
907,9546-KDTRB,0,0,0.07357957756818354,Low
908,4291-HPAXL,0,0,0.36266691991878425,Low
909,6198-ZFIOJ,0,1,0.6627397430092051,Medium
910,7472-EQOAV,0,0,0.030236400867965668,Low
911,5997-OPVFA,0,0,0.027752751301576912,Low
912,5236-XMZJY,0,0,0.017712299675495966,Low
913,3873-NFTGI,0,0,0.44560808073126884,Medium
914,8695-WDYEA,0,0,0.288193603116688,Low
915,4342-HENTK,1,1,0.7286483573879584,High
916,8580-QVLOC,1,0,0.008123853739092307,Low
917,3143-JQEGI,1,1,0.7284979100152718,High
918,4465-VDKIQ,0,1,0.5594499733040849,Medium
919,0824-VWDPO,0,0,0.06395458883018733,Low
920,3162-KKZXO,0,0,0.43322722009275283,Medium
921,8445-DNBAE,0,1,0.7566687144182791,High
922,2111-DWYHN,0,0,0.3277155825209479,Low
923,2662-NNTDK,0,0,0.005949110542421164,Low
924,7502-BNYGS,0,0,0.1769967353227751,Low
925,5372-FBKBN,0,0,0.06868162543411131,Low
926,4597-NUCQV,1,1,0.7309318788676701,High
927,0020-JDNXP,0,0,0.08174471217481187,Low
928,6599-GZWCM,0,1,0.5172985682561954,Medium
929,4342-HFXWS,0,0,0.010583565016433389,Low
930,5035-PGZXH,0,0,0.3992650574418802,Low
931,8216-AZUUZ,0,0,0.3545873968493773,Low
932,5542-DHSXL,0,0,0.2908603512457615,Low
933,8498-XXGWA,0,0,0.026879437042927917,Low
934,6542-LWGXJ,0,1,0.6689191031021701,Medium
935,6248-TKCQV,0,0,0.010812717285406188,Low
936,3068-OMWZA,1,1,0.9019678983004202,High
937,2430-RRYUW,0,0,0.01741180399637851,Low
938,8292-TYSPY,1,0,0.2772171524942961,Low
939,4589-IUAJB,0,0,0.0019536589150862304,Low
940,5693-PIPCS,0,0,0.2962647521829327,Low
941,7446-KQISO,0,0,0.253824994472736,Low
942,0048-PIHNL,0,0,0.004566335121787327,Low
943,6284-AHOOQ,1,0,0.34943233272443863,Low
944,2805-EDJPQ,0,0,0.2900042461738575,Low
945,9103-TCIHJ,1,0,0.30701838019350847,Low
946,9402-ROUMJ,0,0,0.08369351472756012,Low
947,5562-BETPV,0,0,0.38354414848331436,Low
948,3167-SNQPL,0,0,0.4893998691788592,Medium
949,0810-DHDBD,0,0,0.03430016909277392,Low
950,1776-SPBWV,0,0,0.028491469619208235,Low
951,9537-JALFH,0,0,0.0009425800756084282,Low
952,0702-PGIBZ,1,1,0.8242937851018565,High
953,3055-VTCGS,0,0,0.0204735976056361,Low
954,9548-LERKT,0,0,0.07282196026205612,Low
955,6794-HKIAJ,0,0,0.05175587893694726,Low
956,9531-NSBMR,0,0,0.024786510273223417,Low
957,6368-NWMCE,0,0,0.12233073341724768,Low
958,0643-OKLRP,1,0,0.20698774843624737,Low
959,9948-YPTDG,1,0,0.4837006428412749,Medium
960,4879-GZLFH,0,1,0.7113700952888312,High
961,8098-TDCBU,0,0,0.031225644960545175,Low
962,5122-CYFXA,0,1,0.5562706391311344,Medium
963,9889-TMAHG,1,0,0.3818846802611107,Low
964,5357-TZHPP,1,1,0.7910086971573846,High
965,1474-JUWSM,0,0,0.11256399092340469,Low
966,8399-YNDCH,1,0,0.1801783504249308,Low
967,3847-BAERP,0,0,0.27727880946577,Low
968,9402-CXWPL,0,0,0.2303884814310387,Low
969,5049-MUBWG,0,0,0.049759121310432836,Low
970,4039-HEUNW,1,1,0.8626616087931416,High
971,5803-NQJZO,0,0,0.013131285540196408,Low
972,4116-TZAQJ,1,1,0.5513095418069208,Medium
973,9094-AZPHK,0,1,0.7853280820353917,High
974,6121-TNHBO,0,0,0.004238656112910316,Low
975,1564-HJUVY,0,0,0.34795000520223485,Low
976,7407-SUJIZ,0,0,0.08182893284232597,Low
977,5468-BPMMO,0,0,0.04140601864974432,Low
978,9168-INPSZ,0,0,0.46592353883762044,Medium
979,8942-DBMHZ,0,0,0.19691010744101536,Low
980,8705-WZCYL,0,1,0.7238705812069384,High
981,0322-YINQP,1,1,0.6005864977052089,Medium
982,7000-WCEVQ,1,0,0.2944949837081878,Low
983,9739-JLPQJ,0,0,0.06316963437035825,Low
984,2794-XIMMO,1,0,0.20367568585312323,Low
985,9565-AXSMR,0,0,0.009220172331214969,Low
986,2880-FPNAE,0,1,0.8744668204510876,High
987,3316-UWXUY,0,0,0.2854368099755308,Low
988,9824-BEMCV,1,1,0.7767226774498996,High
989,3256-EZDBI,0,0,0.0948403431172438,Low
990,1226-IENZN,0,1,0.7853388228900728,High
991,2823-LKABH,0,0,0.41812503586921235,Medium
992,6161-ERDGD,0,0,0.05704487871844076,Low
993,2137-DQMEV,0,0,0.015434977201338419,Low
994,2424-WVHPL,0,1,0.625898200803671,Medium
995,9945-PSVIP,0,0,0.10002219596323361,Low
996,2840-XANRC,1,1,0.8385726655763267,High
997,8008-HAWED,1,1,0.741784915766865,High
998,0412-UCCNP,0,0,0.035650614979971296,Low
999,6402-SSEJG,0,0,0.21087940582951434,Low
1000,8049-WJCLQ,0,0,0.368917726412607,Low
1001,2830-LEWOA,0,0,0.20672399215220907,Low
1002,9780-FKVVF,0,0,0.34703932133478815,Low
1003,5014-GSOUQ,0,0,0.11506455102064694,Low
1004,0396-HUJBP,0,0,0.326549342838113,Low
1005,8356-WUAOJ,0,1,0.7041762144568727,High
1006,5442-BHQNG,0,1,0.6229081864855242,Medium
1007,5655-JSMZM,1,1,0.5482439032522316,Medium
1008,7065-YUNRY,1,1,0.5209475216096541,Medium
1009,5161-XEUVX,0,0,0.2875978261766125,Low
1010,9068-FHQHD,0,0,0.005828188784296366,Low
1011,8017-LXHFA,1,1,0.6595794516207817,Medium
1012,0786-IVLAW,0,0,0.04892782075442292,Low
1013,6100-QQHEB,1,1,0.9142752137651117,High
1014,2642-DTVCO,1,1,0.8464892226817438,High
1015,0147-ESWWR,0,1,0.55614126200127,Medium
1016,2335-GSODA,0,0,0.08043736051084936,Low
1017,9602-WCXPI,0,0,0.010261109740082833,Low
1018,0329-GTIAJ,1,1,0.8235793898495531,High
1019,8241-JUIQO,0,0,0.0019239664378670623,Low
1020,0581-MDMPW,0,1,0.6401513764286073,Medium
1021,9314-IJWSQ,0,1,0.8080541558569004,High
1022,8532-UEFWH,0,0,0.010808497146732904,Low
1023,7861-UVUFT,1,1,0.7879598856244705,High
1024,8383-SGHJU,0,0,0.08412018686476387,Low
1025,8755-IWJHN,0,0,0.16983873279118958,Low
1026,0123-CRBRT,0,0,0.04167066805674681,Low
1027,2223-GDSHL,0,0,0.10140970473269942,Low
1028,8189-HBVRW,0,0,0.16913899150969428,Low
1029,8495-PRWFH,0,0,0.08756285230175698,Low
1030,6092-QZVPP,0,0,0.1936417330045764,Low
1031,5129-JLPIS,0,1,0.5998950170992453,Medium
1032,1614-JBEBI,0,0,0.31033307384490977,Low
1033,0637-YLETY,1,1,0.6517779984375288,Medium
1034,0135-NMXAP,1,1,0.50355573738598,Medium
1035,7892-POOKP,1,1,0.76723587974974,High
1036,8161-QYMTT,0,1,0.9082043270117586,High
1037,3001-CBHLQ,1,1,0.7615719603165646,High
1038,8945-GRKHX,1,1,0.7307210846265,High
1039,4625-EWPTF,1,1,0.6709086668215718,Medium
1040,1343-EHPYB,1,1,0.7241775103420887,High
1041,0375-HVGXO,1,1,0.82016353330013,High
1042,0330-BGYZE,0,0,0.2666856833795874,Low
1043,5989-PGKJB,0,1,0.6254527871803706,Medium
1044,8752-GHJFU,0,0,0.30287139830876525,Low
1045,4851-BQDNX,0,1,0.5138058257624505,Medium
1046,7240-FQLHE,1,0,0.3269854600933478,Low
1047,6175-IRFIT,0,1,0.6978844979881712,Medium
1048,6538-POCHL,0,0,0.4643719697974868,Medium
1049,3078-ZKNTS,0,0,0.09347081003776665,Low
1050,5777-KJIRB,0,0,0.07969006549988605,Low
1051,7923-IYJWY,0,0,0.15776780757609382,Low
1052,2810-FTLEM,1,0,0.3174983248950076,Low
1053,1265-HVPZB,0,0,0.05621065655930306,Low
1054,9796-BPKIW,0,1,0.6612680073440206,Medium
1055,9178-JHUVJ,0,0,0.09788530021165272,Low
1056,4732-RRJZC,0,0,0.304022734631215,Low
1057,7010-BRBUU,0,0,0.003142493341861439,Low
1058,9688-YGXVR,0,0,0.3967036621906813,Low
1059,9286-DOJGF,1,0,0.24442760023473328,Low
1060,6994-KERXL,0,1,0.6788501359372296,Medium
1061,2181-UAESM,0,1,0.5310609841925911,Medium
1062,4312-GVYNH,0,0,0.007001494456780264,Low
1063,2495-KZNFB,0,1,0.5326479787103684,Medium
1064,4367-NHWMM,0,1,0.7248255742620909,High
1065,8898-KASCD,0,0,0.06031315542243011,Low
1066,8016-NCFVO,0,0,0.4139582383122143,Medium
1067,4578-PHJYZ,0,0,0.135894482777114,Low
1068,2091-MJTFX,1,0,0.14767667290390427,Low
1069,2277-DJJDL,0,1,0.5886790768165335,Medium
1070,2511-MORQY,0,0,0.026450275851053088,Low
1071,2731-GJRDG,0,0,0.27682282787835083,Low
1072,1784-EZDKJ,0,0,0.30251403512079006,Low
1073,2468-SJFLM,0,1,0.7384919832736103,High
1074,5115-SQAAU,0,0,0.001978387217918912,Low
1075,8708-XPXHZ,1,1,0.7199695065670643,High
1076,0601-WZHJF,1,1,0.6104302627327151,Medium
1077,0463-TXOAK,0,0,0.007784618032539454,Low
1078,4683-WYDOU,0,0,0.1352962686021156,Low
1079,1166-PQLGG,0,0,0.0005964253894146867,Low
1080,0963-ZBDRN,1,1,0.5727686709057362,Medium
1081,4871-JTKJF,1,1,0.7787829615726263,High
1082,7173-TETGO,0,0,0.0172450218310452,Low
1083,4193-ORFCL,1,0,0.32257808509724656,Low
1084,2692-PFYTJ,0,1,0.5219002776931574,Medium
1085,2369-UAPKZ,1,1,0.7559085478177843,High
1086,5193-QLVZB,0,0,0.17440166384787809,Low
1087,0379-DJQHR,0,0,0.01491744252163536,Low
1088,4657-FWVFY,0,0,0.4227102773626657,Medium
1089,0623-EJQEG,0,0,0.18523380036929896,Low
1090,1699-TLDLZ,0,0,0.08393243802936862,Low
1091,4501-UYKBC,0,0,0.10899765456343397,Low
1092,8158-WPEZG,0,1,0.6078396224275938,Medium
1093,9732-EQMWY,0,0,0.4281272951228653,Medium
1094,1099-BTKWT,0,0,0.08315951048327855,Low
1095,4815-TUMEQ,0,0,0.29514568383146084,Low
1096,6407-UTSLV,0,1,0.5265677746892593,Medium
1097,0018-NYROU,0,1,0.8402462267355993,High
1098,4632-XJMEX,0,0,0.007585833945304588,Low
1099,1409-PHXTF,0,0,0.45930963059287266,Medium
1100,8229-TNIQA,1,0,0.47623114575307135,Medium
1101,0529-ONKER,1,1,0.5917737412547656,Medium
1102,3675-YDUPJ,0,0,0.3964040357728121,Low
1103,4484-CGXFK,1,1,0.6488504213063984,Medium
1104,4443-EMBNA,0,0,0.0012220807042690504,Low
1105,4280-DLSHD,0,1,0.580675039071832,Medium
1106,9300-AGZNL,1,1,0.9126416525489371,High
1107,2789-CZANW,0,0,0.0401153488295603,Low
1108,8464-EETCQ,0,0,0.005285226726849813,Low
1109,7216-EWTRS,1,1,0.8714351929796013,High
1110,4468-KAZHE,0,0,0.4451071568401632,Medium
1111,8623-ULFNQ,0,0,0.28197170719004805,Low
1112,9317-WZPGV,1,1,0.5337052271213939,Medium
1113,8947-YRTDV,0,0,0.2979347041471538,Low
1114,1814-DKOLC,0,0,0.30032887214638015,Low
1115,8071-SBTRN,0,0,0.14908799231859454,Low
1116,4701-MLJPN,1,0,0.23467855531820664,Low
1117,1205-WNWPJ,1,0,0.4126321807394843,Medium
1118,6158-HDPXZ,0,1,0.6201467740102902,Medium
1119,6683-VLCTZ,1,1,0.8534497755645131,High
1120,3727-OWVYD,0,0,0.042195995995568544,Low
1121,0856-NAOES,0,0,0.35832921635661996,Low
1122,0562-FGDCR,0,0,0.009230731125584788,Low
1123,0956-SYCWG,0,0,0.18956960163391354,Low
1124,2277-VWCNI,0,0,0.43011175949562536,Medium
1125,3498-LZGQZ,0,0,0.007777302573501764,Low
1126,9135-MGVPY,0,0,0.03996941895801173,Low
1127,3815-SLMEF,1,0,0.3851978671006201,Low
1128,4513-CXYIX,0,0,0.04926322200969097,Low
1129,8944-AILEF,0,0,0.38129664627727117,Low
1130,1270-XKUCC,0,0,0.030780297299212108,Low
1131,6633-SYEUS,0,0,0.17870176227927925,Low
1132,8075-GXIUB,0,0,0.22408543239264686,Low
1133,6016-NXBNJ,0,0,0.080205159991358,Low
1134,9332-GYWLO,0,0,0.4656502428606332,Medium
1135,3276-HDUEG,1,1,0.776132222143294,High
1136,5884-FBCTL,0,0,0.0009260597355756689,Low
1137,8999-YPYBV,0,0,0.09671485515279503,Low
1138,1522-VVDMG,1,1,0.775968499137868,High
1139,0848-SOMKO,0,0,0.00522031432766567,Low
1140,1657-DYMBM,0,0,0.007809154564662226,Low
1141,6923-EFPNL,1,0,0.3716346613513163,Low
1142,2167-FQSTQ,0,0,0.043244736564959294,Low
1143,9286-BHDQG,0,0,0.004421294501488148,Low
1144,7225-CBZPL,0,1,0.8647615103944246,High
1145,5605-IYGFG,0,0,0.4611179758685216,Medium
1146,6861-OKBCE,1,0,0.1427073153987901,Low
1147,7571-YXDAD,1,1,0.608330744157273,Medium
1148,0254-FNMCI,0,0,0.12258729166536454,Low
1149,8981-FJGLA,0,1,0.8144414197681659,High
1150,8414-MYSHR,1,1,0.7872543088808776,High
1151,9274-CNFMO,1,1,0.7875715427898814,High
1152,3794-NFNCH,0,0,0.27517918291001464,Low
1153,5158-RIVOP,0,0,0.08678289981097324,Low
1154,1100-DDVRV,0,1,0.6857963349641951,Medium
1155,9522-BNTHX,0,0,0.301852835861945,Low
1156,3677-IYRBF,1,1,0.7489089622348581,High
1157,7009-PCARS,0,0,0.0035984611759013146,Low
1158,8250-ZNGGW,0,0,0.13356507554739,Low
1159,0967-BMLBD,0,0,0.2786800992888003,Low
1160,7594-RQHXR,1,1,0.8171925829439256,High
1161,8966-SNIZF,0,0,0.000752897347413599,Low
1162,7235-NXZCP,1,1,0.8050442343037257,High
1163,0122-OAHPZ,1,1,0.840485465683209,High
1164,7815-PDTHL,0,0,0.04457894269600432,Low
1165,8331-ZXFOE,0,0,0.027335394819419944,Low
1166,8901-UPRHR,0,0,0.10831461299667845,Low
1167,3563-SVYLG,0,0,0.009779907869275377,Low
1168,3205-MXZRA,0,0,0.10948727523117596,Low
1169,5392-AKEMH,0,0,0.46916526787047097,Medium
1170,8201-AAXCB,0,0,0.34206473768407203,Low
1171,6919-ELBGL,0,0,0.09636598625730905,Low
1172,0530-IJVDB,0,0,0.26328859417678674,Low
1173,5047-LHVLY,1,1,0.5465664416846993,Medium
1174,8404-FYDIB,0,0,0.4023509987953496,Medium
1175,3415-TAILE,1,0,0.41374685503557523,Medium
1176,2819-GWENI,0,0,0.05049176668066378,Low
1177,6164-HXUGH,0,0,0.2693530728976423,Low
1178,6762-QVYJO,0,0,0.02404413718364161,Low
1179,5046-NUHWD,0,0,0.38217628193995806,Low
1180,0106-GHRQR,0,0,0.2926409241477802,Low
1181,8374-XGEJJ,1,1,0.6775625085457126,Medium
1182,2546-KZAAT,0,0,0.10011257490292846,Low
1183,7569-NMZYQ,0,0,0.047457361406185464,Low
1184,3279-DYZQM,0,0,0.0019956335847457255,Low
1185,0374-FIUCA,0,0,0.005900740902871341,Low
1186,3714-NTNFO,0,0,0.4733288211524467,Medium
1187,8705-DWKTI,0,0,0.37961308204106203,Low
1188,4195-SMMNX,1,0,0.34710707754977144,Low
1189,2599-CIPQE,0,0,0.08355457122826834,Low
1190,5136-GFPMB,0,0,0.29550353665071577,Low
1191,6476-YHMGA,0,0,0.22091955035404864,Low
1192,3055-MJDSB,0,1,0.6813487158493042,Medium
1193,7516-GMHUV,0,0,0.34019725123602806,Low
1194,5940-NFXKV,1,1,0.864922918499591,High
1195,3597-YASZG,0,0,0.09615207887597217,Low
1196,3786-WOVKF,0,0,0.0832405675748101,Low
1197,2806-MLNTI,0,0,0.3165529380407323,Low
1198,0799-DDIHE,0,0,0.2396479581969633,Low
1199,9926-PJHDQ,0,0,0.015093454056427617,Low
1200,0334-GDDSO,1,1,0.7948424439055133,High
1201,2371-KFUOG,0,0,0.07651444248781447,Low
1202,4634-JLRJT,0,0,0.45676698394541493,Medium
1203,5886-VLQVU,0,0,0.4100421536313812,Medium
1204,3194-ORPIK,1,0,0.21876315922114584,Low
1205,6048-NJXHX,0,0,0.06573945119650486,Low
1206,7860-KSUGX,0,0,0.01125437807477369,Low
1207,2925-MXLSX,0,0,0.25689839862072406,Low
1208,2933-FILNV,1,1,0.7606457001330301,High
1209,7758-XKCBS,1,1,0.6054075969233903,Medium
1210,2027-DNKIV,0,0,0.117084886178984,Low
1211,4751-ERMAN,0,0,0.018096276583141224,Low
1212,8224-KDLKN,0,0,0.0012370669036186823,Low
1213,7929-SKFGK,0,0,0.17019707367711873,Low
1214,8329-IBCTI,1,0,0.3255893601647441,Low
1215,5016-IBERQ,0,1,0.6841014707018971,Medium
1216,5405-ZMYXQ,0,1,0.7137977665004104,High
1217,7841-TZDMQ,1,1,0.5290798590425911,Medium
1218,9754-CLVZW,0,0,0.12537320069361982,Low
1219,9503-XJUME,0,0,0.008252769136303727,Low
1220,3298-QEICA,0,0,0.08177802753572148,Low
1221,9420-LOJKX,1,1,0.5684358543407136,Medium
1222,3391-JSQEW,0,0,0.1553641252806094,Low
1223,4939-KYYPY,0,0,0.2545542435793098,Low
1224,2061-VVFST,0,0,0.019058224394178577,Low
1225,6480-YAGIY,0,0,0.11734068844366077,Low
1226,0330-IVZHA,1,1,0.6713673232646675,Medium
1227,7161-DFHUF,0,0,0.003073764015522473,Low
1228,1260-TTRXI,1,1,0.5917845470456327,Medium
1229,8577-QSOCG,0,0,0.03021568883068591,Low
1230,8963-JLGJT,0,0,0.25947413726394025,Low
1231,3266-FTKHB,0,0,0.10376542460716913,Low
1232,6122-LJADA,0,0,0.04631518025002838,Low
1233,8710-YGLWG,0,1,0.6237595993057556,Medium
1234,6463-HHXJR,0,0,0.025979915608339847,Low
1235,9576-SYUHJ,0,1,0.5216927247299259,Medium
1236,9289-LBQVU,0,0,0.07423797365460318,Low
1237,2207-QPJED,0,0,0.29659245681291135,Low
1238,6990-YNRIO,1,0,0.07895794336480869,Low
1239,0489-WMEMG,0,0,0.20737178335524095,Low
1240,2189-UXTKY,1,0,0.49480727016671433,Medium
1241,7105-MXJLL,0,0,0.12334936304264042,Low
1242,7133-VBDCG,1,0,0.1934372090205993,Low
1243,9933-QRGTX,0,0,0.26203355659966576,Low
1244,6356-ELRKD,1,1,0.7443205004601603,High
1245,2194-IIQOF,0,0,0.0227727554780946,Low
1246,8063-GBATB,1,1,0.6459352721597494,Medium
1247,9611-CTWIH,1,1,0.8362988612141593,High
1248,3571-DPYUH,0,0,0.27599160669724454,Low
1249,8519-QJGJD,1,0,0.4891660203653325,Medium
1250,5846-NEQVZ,0,0,0.014059886752993205,Low
1251,6022-KOUQO,0,0,0.3446375768650472,Low
1252,7205-BAIAD,0,0,0.009390569744969195,Low
1253,9574-BOSMD,0,0,0.0015030449830578253,Low
1254,4884-TVUQF,0,0,0.04926705790837147,Low
1255,6439-GTPCA,1,0,0.29346421084275615,Low
1256,3795-CAWEX,0,0,0.17511013036796727,Low
1257,7821-DPRQE,0,1,0.5748784458212313,Medium
1258,4983-CLMLV,0,1,0.5148580499255098,Medium
1259,2380-DAMQP,0,0,0.15318783864075225,Low
1260,7534-BFESC,1,1,0.6237243008348956,Medium
1261,6695-FRVEC,0,0,0.005065530372104758,Low
1262,0361-HJRDX,0,0,0.0128520414487048,Low
1263,0354-VXMJC,0,0,0.06563591304171344,Low
1264,6559-ILWKJ,1,0,0.03572380032125438,Low
1265,9895-VFOXH,0,1,0.5912523043644313,Medium
1266,8229-BUJHX,0,0,0.0005373961311021281,Low
1267,4476-OSWTN,0,0,0.27730402857867376,Low
1268,2995-UPRYS,1,0,0.3637509374672269,Low
1269,9208-OLGAQ,0,1,0.6598600227684411,Medium
1270,4124-MMETB,1,1,0.7527279149713473,High
1271,8882-TLVRW,0,0,0.007408617413323557,Low
1272,2957-JIRMN,0,0,0.13185874969124714,Low
1273,3646-ITDGM,0,0,0.001589785227222569,Low
1274,2673-ZALNP,0,0,0.1884863840152603,Low
1275,9975-SKRNR,0,0,0.44310920876349874,Medium
1276,3724-UCSHY,0,0,0.35517957710948206,Low
1277,0259-GBZSH,1,1,0.8712154632569353,High
1278,7130-CTCUS,0,0,0.1805882399254829,Low
1279,8150-QUDFX,0,0,0.3751743254872717,Low
1280,8218-FFJDS,0,0,0.010581849332922902,Low
1281,8259-NFJTV,0,0,0.3339370633609963,Low
1282,7909-FIOIY,0,0,0.4475131982255266,Medium
1283,3317-VLGQT,0,1,0.8418463265113608,High
1284,2722-VOJQL,1,0,0.2961919794174269,Low
1285,0584-BJQGZ,0,0,0.13475908057977226,Low
1286,6732-VAILE,0,0,0.048825646094151604,Low
1287,1302-TPUBN,0,0,0.0011107451632262687,Low
1288,8380-PEFPE,1,1,0.7652496129523393,High
1289,7402-PWYJJ,0,0,0.3510855833203221,Low
1290,4250-FDVOU,1,0,0.2364261805493325,Low
1291,9128-CPXKI,0,0,0.1252664345603904,Low
1292,4183-WCSEP,1,1,0.5538125343535957,Medium
1293,0404-SWRVG,1,1,0.887636188556447,High
1294,6227-HWPWX,1,0,0.2249973621332626,Low
1295,1899-VXWXM,1,0,0.45269482362751623,Medium
1296,8450-JOVAH,1,0,0.36505295445934316,Low
1297,4550-VBOFE,1,1,0.6382198596827552,Medium
1298,9546-CQJSU,1,1,0.8078011691665952,High
1299,4789-KWMXN,1,0,0.42578268792233886,Medium
1300,0835-DUUIQ,0,0,0.019040057622908377,Low
1301,1855-AGAWH,0,1,0.7689986372010321,High
1302,9079-YEXQJ,1,0,0.2984135760576163,Low
1303,3577-AMVUX,0,0,0.36053093168302613,Low
1304,2316-ESMLS,0,0,0.2694344871860818,Low
1305,9426-SXNHE,0,0,0.19628765658521777,Low
1306,8550-XSXUQ,0,0,0.18264388377927787,Low
1307,0723-DRCLG,1,1,0.8736823707421266,High
1308,2176-OSJUV,0,0,0.0038633602034646147,Low
1309,0107-WESLM,1,1,0.6696359149314305,Medium
1310,8626-XHBIE,0,0,0.015056401830817977,Low
1311,0188-GWFLE,0,0,0.3625007789471894,Low
1312,8166-ZZTFS,1,0,0.025524976029257667,Low
1313,5774-QPLTF,0,0,0.024231972228494374,Low
1314,0929-PECLO,0,0,0.13585011660342566,Low
1315,5696-QURRL,1,1,0.6158874995951252,Medium
1316,8124-NZVGJ,0,1,0.6128353905567295,Medium
1317,4130-MZLCC,0,0,0.1351648384452508,Low
1318,4489-SNOJF,1,0,0.21891163149307924,Low
1319,8984-HPEMB,0,0,0.12966693212929653,Low
1320,4615-PIVVU,0,0,0.02039493561370545,Low
1321,6848-HJTXY,0,0,0.0025141743873237994,Low
1322,8757-TFHHJ,0,1,0.5129144009152604,Medium
1323,4603-JANFB,1,1,0.8463486607829162,High
1324,8565-HBFNN,0,0,0.1697317605464662,Low
1325,7422-WNBTY,0,1,0.8337354297881984,High
1326,4712-UYOOI,0,0,0.16048202177605225,Low
1327,3372-CDXFJ,0,0,0.1445959609650602,Low
1328,5353-WILCI,0,0,0.08102109919008736,Low
1329,0988-AADSA,0,0,0.0043935986482799266,Low
1330,8270-RKSAP,0,1,0.7597778239595518,High
1331,5954-BDFSG,0,0,0.1121750587139944,Low
1332,5792-JALQC,0,0,0.006908309589045953,Low
1333,2202-OUTMO,0,0,0.057709939708245034,Low
1334,9028-LIHRP,0,0,0.04326573892644149,Low
1335,9150-KPBJQ,0,0,0.13685485098974426,Low
1336,4003-OCTMP,0,0,0.21142806517784551,Low
1337,8775-LHDJH,1,1,0.836061810058344,High
1338,6770-UAYGJ,0,0,0.010467052138811052,Low
1339,7596-IIWYC,0,0,0.026505465503967634,Low
1340,0887-WBJVH,0,0,0.4278719233301096,Medium
1341,8840-DQLGN,1,0,0.20164363364129756,Low
1342,8413-VONUO,1,1,0.7134970037263371,High
1343,9281-PKKZE,0,0,0.3322867522298287,Low
1344,5186-PEIZU,0,0,0.016401628833931505,Low
1345,6339-YPSAH,0,1,0.83295174965866,High
1346,2324-EFHVG,0,0,0.18565360554494928,Low
1347,1918-ZBFQJ,1,1,0.7165511194564491,High
1348,6968-GMKPR,0,0,0.1986716963078061,Low
1349,3062-ICYZQ,0,0,0.4643455985215306,Medium
1350,2233-FAGXV,0,1,0.5689090130093184,Medium
1351,6017-PPLPX,1,1,0.697779138110665,Medium
1352,1982-FEBTD,0,0,0.10858148488268231,Low
1353,9705-IOVQQ,0,0,0.3570680052525863,Low
1354,6288-CHQJB,0,0,0.007058241795403847,Low
1355,3315-TOTBP,1,1,0.6723680050251545,Medium
1356,6096-EGVTU,0,0,0.0057413321063876244,Low
1357,2937-FTHUR,0,0,0.28064766900227556,Low
1358,4062-HBMOS,0,1,0.7399858791489292,High
1359,2387-KDZQY,0,0,0.21820914108652595,Low
1360,4609-KNNWG,0,0,0.03699712474505928,Low
1361,0409-WTMPL,0,0,0.34850171599236474,Low
1362,3766-EJLFL,0,0,0.10739913392711854,Low
1363,4232-JGKIY,0,1,0.5350836524833554,Medium
1364,0334-ZFJSR,0,0,0.029499184928652052,Low
1365,6582-OIVSP,0,0,0.3482134197700598,Low
1366,8661-BOYNW,0,0,0.03923645338285521,Low
1367,4257-GAESD,0,1,0.5299965414381885,Medium
1368,8785-CJSHH,0,1,0.556488425657242,Medium
1369,5469-CTCWN,1,0,0.43807877854435184,Medium
1370,2839-RFSQE,1,0,0.2634019670022624,Low
1371,4890-VMUAV,0,0,0.021657458024948395,Low
1372,3365-SAIGS,0,1,0.7107293325255838,High
1373,0946-CLJTI,1,1,0.703222074732414,High
1374,3920-HIHMQ,0,0,0.2632515711970615,Low
1375,5307-UVGNB,0,0,0.05088458702078833,Low
1376,8780-RSYYU,0,0,0.14063425017588277,Low
1377,0742-NXBGR,1,1,0.6750591796121259,Medium
1378,8067-NIOYM,0,0,0.06508164204917566,Low
1379,5916-QEWPT,0,1,0.5254082171559348,Medium
1380,1029-QFBEN,1,0,0.4077389284900327,Medium
1381,9251-WNSOD,0,0,0.028628223343748316,Low
1382,6576-FBXOJ,0,1,0.5369673224032366,Medium
1383,2501-XWWTZ,0,1,0.6039069530683924,Medium
1384,6080-LNESI,0,0,0.011846169499924737,Low
1385,7245-NIIWQ,0,1,0.7807632207615788,High
1386,6567-HOOPW,1,1,0.8064745954464387,High
1387,4550-EVXNY,1,1,0.7849092520803944,High
1388,6437-UDQJM,0,0,0.045872104044863346,Low
1389,0297-RBCSG,0,0,0.13499580224147573,Low
1390,2097-YVPKN,0,0,0.0035414941175427096,Low
1391,0853-NWIFK,0,0,0.34039667391619455,Low
1392,4853-OITSN,0,1,0.8923010802977861,High
1393,6128-DAFVY,0,0,0.09434954362147442,Low
1394,1197-BVMVG,0,1,0.8193045549973484,High
1395,7508-DQAKK,0,0,0.06990073826896896,Low
1396,9938-PRCVK,0,0,0.005991925475352691,Low
1397,0289-IVARM,0,0,0.06543397121320439,Low
1398,8260-NGFNY,1,1,0.5475977585111306,Medium
1399,7074-IEVOJ,1,1,0.8086796531140645,High
1400,6614-YWYSC,0,0,0.0027347589033038743,Low
1401,8473-VUVJN,1,1,0.8969723059463793,High
1402,6693-DJWTY,0,0,0.028125322341447007,Low
1403,3655-SNQYZ,0,0,0.12900845946063874,Low
1404,2845-KDHVX,0,0,0.037513342087672825,Low
1405,5027-YOCXN,0,0,0.22850474689927613,Low
1406,8884-MRNSU,0,0,0.07101910177857192,Low
1407,0567-XRHCU,0,0,0.019428704030067138,Low
1408,5868-CZJDR,1,1,0.6764473079401674,Medium
